{"cameraMode":{"drawMode":0,"name":"Shaded","section":"Shading Mode"},"sceneLighting":true,"audioPlay":false,"sceneViewState":{"m_AlwaysRefresh":false,"showFog":true,"showSkybox":true,"showFlares":true,"showImageEffects":true,"showParticleSystems":true,"showVisualEffectGraphs":true,"m_FxEnabled":true},"in2DMode":false,"pivot":{"x":-0.08733606338500977,"y":-1.5513851642608643,"z":-2.0989279747009279},"rotation":{"x":0.34090083837509158,"y":0.08865505456924439,"z":-0.03231138363480568,"w":0.935353696346283},"size":3.4469525814056398,"orthographic":false}